gradient,N,sigma,rho,success,train_error,train_error_fit,validation_error,time_exec(s),nfev,nit,njev
None,5,0.2,1e-05,True,2.66876402398156,0.07913530169728746,0.0880782605647348,1.5925812721252441,14366,620,653
Grad,5,0.2,1e-05,True,2.66876402398156,0.07913530160695935,0.08808035107654354,0.43167710304260254,636,598,636
None,5,0.2,5e-05,True,1.0129606627746326,0.07777734070678327,0.08837421294519665,0.7194099426269531,6754,298,307
Grad,5,0.2,5e-05,True,1.0129606627746326,0.07777734072096584,0.08837350050023457,0.21121811866760254,310,298,310
None,5,0.2,0.0001,True,1.9611963078630517,0.11822680473772566,0.10547581290049486,0.6326847076416016,5742,251,261
Grad,5,0.2,0.0001,True,1.9611963078630517,0.11822716750110987,0.10548808630137932,0.40730786323547363,264,252,264
None,5,0.2,0.0005,True,1.3918755337471853,0.20300038545861537,0.18852307658371387,1.0235929489135742,4620,201,210
Grad,5,0.2,0.0005,True,1.3918755337471853,0.20300039885011806,0.1885244496393616,0.37506103515625,210,201,210
None,5,0.2,0.001,True,1.2877477482445376,0.28013290140019165,0.26455625636378893,0.5011420249938965,4444,190,202
Grad,5,0.2,0.001,True,1.2877477482445376,0.2801329156665624,0.2645539679516574,0.13970041275024414,205,194,205
None,5,0.4,1e-05,True,1.4644748919708588,0.06276892668140924,0.08084620237694193,1.5017850399017334,9196,394,418
Grad,5,0.4,1e-05,True,1.4644748919708588,0.06276892663112693,0.08084636623774041,0.29790377616882324,433,414,433
None,5,0.4,5e-05,True,2.1828500363396057,0.055987805295210684,0.05772544183995272,0.6268751621246338,5808,252,264
Grad,5,0.4,5e-05,True,2.1828500363396057,0.055987757208124544,0.05773458314420383,0.2978959083557129,279,265,279
None,5,0.4,0.0001,True,0.740184915303581,0.10014112451920462,0.09818203960049805,1.063946008682251,6732,290,306
Grad,5,0.4,0.0001,True,0.740184915303581,0.1001411244895509,0.0981824125642292,0.2804911136627197,309,296,309
None,5,0.4,0.0005,True,1.2676881411854946,0.1432881549735257,0.12853812251446262,0.5002970695495605,3300,146,150
Grad,5,0.4,0.0005,True,1.2676881411854946,0.14328815530689706,0.12853764423441677,0.12895917892456055,151,146,151
None,5,0.4,0.001,True,1.2902984899376084,0.1815280230948218,0.16943241235140644,0.48537492752075195,3102,134,141
Grad,5,0.4,0.001,True,1.2902984899376084,0.18152802832818504,0.16943208077923538,0.13077020645141602,140,133,140
None,5,0.6,1e-05,True,1.586988285162081,0.05678519056391919,0.048103493261240526,0.8922739028930664,5808,252,264
Grad,5,0.6,1e-05,True,1.586988285162081,0.05678519057085649,0.048103890997231044,0.2508997917175293,266,255,266
None,5,0.6,5e-05,True,4.5738558964334155,0.059948403292374004,0.049217638452284516,0.6657600402832031,4136,184,188
Grad,5,0.6,5e-05,True,4.5738558964334155,0.05994840326610486,0.04921823327814439,0.15038800239562988,192,187,192
None,5,0.6,0.0001,True,1.617938064119807,0.07478180348507106,0.07808613185833671,0.7198328971862793,4796,209,218
Grad,5,0.6,0.0001,True,1.617938064119807,0.07478180371664654,0.07808640854474543,0.1490941047668457,212,205,212
None,5,0.6,0.0005,True,4.930799019530064,0.12028133324058742,0.11330512018913903,0.5440657138824463,4686,205,213
Grad,5,0.6,0.0005,True,4.930799019530064,0.12028133388652956,0.11330725895217145,0.14940381050109863,205,202,205
None,5,0.6,0.001,True,1.0807446405762207,0.14948571461999532,0.13921135958476905,0.4886798858642578,4312,189,196
Grad,5,0.6,0.001,True,1.0807446405762207,0.14948571414109352,0.13921197544937258,0.13945794105529785,200,192,200
None,5,0.8,1e-05,True,4.878516707612503,0.06900393006221602,0.07884601002577023,1.5632097721099854,14542,612,661
Grad,5,0.8,1e-05,True,4.878516707612503,0.069003930062185,0.07884639930176668,0.5531792640686035,823,760,823
None,5,0.8,5e-05,True,2.2059694441254063,0.07454429031182948,0.10531945231231407,0.4844551086425781,4554,203,207
Grad,5,0.8,5e-05,True,2.2059694441254063,0.07454429029592138,0.10532023443858318,0.13523101806640625,201,197,201
None,5,0.8,0.0001,True,4.8702161634630885,0.07177996269752276,0.07512466464625532,0.7356300354003906,6886,297,313
Grad,5,0.8,0.0001,True,4.8702161634630885,0.07177996270637804,0.07512480917074882,0.21285295486450195,318,305,318
None,5,0.8,0.0005,True,1.2141812341955873,0.12836245760407797,0.12439449846529396,0.4985647201538086,4642,202,211
Grad,5,0.8,0.0005,True,1.2141812341955873,0.12836245752606937,0.12439340809800387,0.15245723724365234,225,219,225
None,5,0.8,0.001,True,2.25515484877594,0.1407651344428347,0.12430457276641968,0.26550984382629395,2464,111,112
Grad,5,0.8,0.001,True,2.25515484877594,0.14076513442323815,0.1243045286963674,0.07631301879882812,112,111,112
None,5,1.0,1e-05,True,1.7658746405362862,0.04845667870142945,0.041200342111392736,0.7206361293792725,6754,286,307
Grad,5,1.0,1e-05,True,1.7658746405362862,0.04845667869236969,0.04120044946619064,0.21544694900512695,317,292,317
None,5,1.0,5e-05,True,1.0072185405447724,0.0652685288473474,0.050311321295706,0.7366089820861816,6886,297,313
Grad,5,1.0,5e-05,True,1.0072185405447724,0.06526852884619573,0.05031081828574191,0.22009897232055664,308,289,308
None,5,1.0,0.0001,True,1.751138292601731,0.0833064946951677,0.09123253617018434,0.6539781093597412,6116,265,278
Grad,5,1.0,0.0001,True,1.751138292601731,0.08330649469642878,0.09123252680184217,0.18424177169799805,271,260,271
None,5,1.0,0.0005,True,2.0324143956242615,0.11311592793145284,0.09940016660612133,0.2477738857269287,2310,104,105
Grad,5,1.0,0.0005,True,2.0324143956242615,0.11311592790284682,0.09940016896951599,0.07178616523742676,105,104,105
None,5,1.0,0.001,True,3.8322244059998996,0.12590427401946433,0.11771104208350414,0.23501801490783691,2200,97,100
Grad,5,1.0,0.001,True,3.8322244059998996,0.12590427413344868,0.11771083266223847,0.06799936294555664,100,97,100
None,5,1.2,1e-05,True,2.893927069213492,0.07372989554116702,0.0856310554207585,0.8188481330871582,7524,323,342
Grad,5,1.2,1e-05,True,2.893927069213492,0.07372989555330245,0.08563057516403258,0.2393360137939453,356,335,356
None,5,1.2,5e-05,True,8.40200225161309,0.05827309669926099,0.05124058776360421,0.5004129409790039,4686,201,213
Grad,5,1.2,5e-05,True,8.40200225161309,0.05827309668341343,0.051240989890601676,0.14302396774291992,213,199,213
None,5,1.2,0.0001,True,3.1703788058782103,0.05467268028430321,0.05581168156221497,0.5737588405609131,5302,224,241
Grad,5,1.2,0.0001,True,3.1703788058782103,0.05467268030492122,0.0558114578528391,0.1600492000579834,235,223,235
None,5,1.2,0.0005,True,3.1742220317109875,0.11104160916294467,0.09729852830764009,0.4046037197113037,3806,171,173
Grad,5,1.2,0.0005,True,3.1742220317109875,0.1110416091233864,0.09729880732068735,0.11698698997497559,171,167,171
None,5,1.2,0.001,True,2.5135467787614263,0.12758532788164517,0.11187881285739157,0.226546049118042,2134,95,97
Grad,5,1.2,0.001,True,2.5135467787614263,0.12758532790118787,0.11187883115344568,0.06505489349365234,97,95,97
None,5,2.0,1e-05,True,2.6479137418602194,0.047965237709769425,0.040799157149789815,0.8241472244262695,7700,319,350
Grad,5,2.0,1e-05,True,2.6479137418602194,0.047965237674395186,0.04079922694105316,0.24582862854003906,363,339,363
None,5,2.0,5e-05,True,2.4856390782003412,0.056872012716031164,0.05011523664763485,0.5327250957489014,4994,213,227
Grad,5,2.0,5e-05,True,2.4856390782003412,0.056872012726782925,0.05011514907628997,0.15192389488220215,223,209,223
None,5,2.0,0.0001,True,2.762422118487834,0.06311872010534596,0.05609600281897445,0.4922001361846924,4620,205,210
Grad,5,2.0,0.0001,True,2.762422118487834,0.06311872010365582,0.056096131003532654,0.1426990032196045,210,204,210
None,5,2.0,0.0005,True,1.586713564372979,0.08624471197310639,0.08345155966246787,0.30567097663879395,2860,127,130
Grad,5,2.0,0.0005,True,1.586713564372979,0.086244712020462,0.08345195630429193,0.08906698226928711,131,128,131
None,5,2.0,0.001,True,2.5926774103629207,0.11852585047377753,0.10350862942630187,0.32070183753967285,3014,123,137
Grad,5,2.0,0.001,True,2.5926774103629207,0.1185258315936254,0.10350739815960827,0.0974280834197998,143,131,143
None,5,5.0,1e-05,False,1.3547414735786836,0.06931174157300135,0.0870286327592611,0.8276770114898682,7822,256,355
Grad,5,5.0,1e-05,True,1.3547414735786836,0.06931174142790218,0.08702951257349104,0.21435117721557617,314,289,314
None,5,5.0,5e-05,True,2.046905841349954,0.056499997159005465,0.04580784271166871,0.8050830364227295,7348,293,334
Grad,5,5.0,5e-05,True,2.046905841349954,0.05649999715124311,0.04580805085601054,0.23604297637939453,338,302,338
None,5,5.0,0.0001,True,5.090590967783988,0.06348846155626892,0.05193129957834129,1.008094072341919,9372,383,426
Grad,5,5.0,0.0001,True,5.090590967783988,0.06348846155287419,0.05193126543389523,0.26021766662597656,387,345,387
None,5,5.0,0.0005,True,3.864031983662229,0.08843816432273349,0.06713591835665825,0.2944672107696533,2750,117,125
Grad,5,5.0,0.0005,True,3.864031983662229,0.08843816431537835,0.0671361896930047,0.0908811092376709,133,124,133
None,5,5.0,0.001,True,5.651425081729075,0.11660418225401702,0.12189757965652652,0.35793614387512207,3322,134,151
Grad,5,5.0,0.001,True,5.651425081729075,0.11660418223233093,0.1218974844551136,0.10095500946044922,150,136,150
None,10,0.2,1e-05,True,1.7198468630505552,0.02230241253290709,0.022817037152404837,18.1196448802948,136920,3105,3260
Grad,10,0.2,1e-05,True,1.7198468630505552,0.02340099741101424,0.023242740704968182,1.8345279693603516,2046,1946,2046
None,10,0.2,5e-05,True,1.7961414369836233,0.06580075402025748,0.07337319914979742,5.620942115783691,41664,960,992
Grad,10,0.2,5e-05,True,1.7961414369836233,0.06598841831349048,0.0736343433863409,0.8678419589996338,966,931,966
None,10,0.2,0.0001,True,1.4591368174114085,0.0957530838723738,0.10007143966909215,3.6004421710968018,27510,632,655
Grad,10,0.2,0.0001,True,1.4591368174114085,0.09575199502251155,0.10007606086845802,0.6011009216308594,673,648,673
None,10,0.2,0.0005,True,1.9249562731033178,0.19926599345780413,0.18708039145209104,1.5995347499847412,12180,280,290
Grad,10,0.2,0.0005,True,1.9249562731033178,0.19926601757898876,0.18707802813841995,0.2624959945678711,294,283,294
None,10,0.2,0.001,True,3.6457239996386774,0.28013293064034467,0.2645568638412695,0.9033799171447754,6888,157,164
Grad,10,0.2,0.001,True,3.6457239996386774,0.2801329320988027,0.2645575880935823,0.14966869354248047,165,160,165
None,10,0.4,1e-05,True,3.266790064522444,0.018732928656658737,0.0300951410453108,6.070688009262085,46200,1055,1100
Grad,10,0.4,1e-05,True,3.266790064522444,0.018732811868591985,0.030098142327047876,0.8959050178527832,1001,956,1001
None,10,0.4,5e-05,True,0.8663690823833443,0.03710948013011754,0.04297765440036973,9.682481288909912,73500,1689,1750
Grad,10,0.4,5e-05,True,0.8663690823833443,0.03707558666028837,0.042457720695124296,1.3906700611114502,1527,1469,1527
None,10,0.4,0.0001,True,3.8087374888035788,0.05684726879869616,0.06121584292130869,7.37786602973938,56028,1269,1334
Grad,10,0.4,0.0001,True,3.8087374888035788,0.056847436817959944,0.06121649353139109,1.1576452255249023,1206,1160,1206
None,10,0.4,0.0005,True,0.9785240566978559,0.13713263364469633,0.1296997078379832,2.266342878341675,16590,381,395
Grad,10,0.4,0.0005,True,0.9785240566978559,0.137132653503693,0.12970291869089468,0.36672401428222656,406,391,406
None,10,0.4,0.001,True,4.030451111562306,0.18098838019868083,0.170400689213289,1.9874849319458008,14994,346,357
Grad,10,0.4,0.001,True,4.030451111562306,0.1809883460838306,0.17041106572349277,0.3343651294708252,370,357,370
None,10,0.6,1e-05,True,2.7841048423858936,0.007046183139964749,0.007475940818615885,7.295816898345947,55062,1269,1311
Grad,10,0.6,1e-05,True,2.7841048423858936,0.007046068172978797,0.007475851053818599,1.3703210353851318,1533,1468,1533
None,10,0.6,5e-05,True,1.652180950129832,0.02955338876419645,0.034322984034233665,2.9335389137268066,22302,517,531
Grad,10,0.6,5e-05,True,1.652180950129832,0.029553568100248003,0.03433004934357721,0.5400161743164062,599,579,599
None,10,0.6,0.0001,True,2.944422492172607,0.04477692905558385,0.04720369029446164,3.1248221397399902,22848,525,544
Grad,10,0.6,0.0001,True,2.944422492172607,0.044777068693445284,0.047205084355160166,0.48000216484069824,518,505,518
None,10,0.6,0.0005,True,3.1210900444312584,0.11068800823269623,0.11121056539553792,1.791438102722168,13524,311,322
Grad,10,0.6,0.0005,True,3.1210900444312584,0.11068792601588084,0.11120913254977463,0.2850179672241211,317,307,317
None,10,0.6,0.001,True,6.216729073511883,0.1470204046674411,0.13931489138568864,1.9296646118164062,14658,339,349
Grad,10,0.6,0.001,True,6.216729073511883,0.14702052096531923,0.13931992964325648,0.3126828670501709,349,338,349
None,10,0.8,1e-05,True,2.009420895663967,0.0059253854436121045,0.006812964553479826,12.773023843765259,97272,2213,2316
Grad,10,0.8,1e-05,True,2.009420895663967,0.004970751943444999,0.005273519467367231,2.8695437908172607,3173,3013,3173
None,10,0.8,5e-05,True,3.1116749654065736,0.02497798103686872,0.038692334605334736,7.32771372795105,55608,1265,1324
Grad,10,0.8,5e-05,True,3.1116749654065736,0.02122308691788984,0.02261641320333866,0.9782238006591797,1085,1047,1085
None,10,0.8,0.0001,True,0.9559603675426438,0.035110599692409386,0.034244879430598285,6.006566047668457,41370,955,985
Grad,10,0.8,0.0001,True,0.9559603675426438,0.03511059951413987,0.03424485531581194,0.8830337524414062,932,903,932
None,10,0.8,0.0005,True,3.510847966746852,0.08123130323703012,0.0824392342187175,1.7309370040893555,12810,298,305
Grad,10,0.8,0.0005,True,3.510847966746852,0.08123128690239523,0.0824550304613515,0.2604680061340332,291,284,291
None,10,0.8,0.001,True,8.035991546308447,0.13058790590352232,0.12247747786388644,1.632681131362915,12348,289,294
Grad,10,0.8,0.001,True,8.035991546308447,0.1305878891647033,0.12247747153990848,0.2964038848876953,292,286,292
None,10,1.0,1e-05,True,3.17522115552017,0.012876970664518135,0.030133803298142837,10.633394241333008,78750,1796,1875
Grad,10,1.0,1e-05,True,3.17522115552017,0.01287689863791465,0.030151929852115428,2.2451961040496826,2114,2017,2114
None,10,1.0,5e-05,True,1.6890304468785136,0.021926593767083735,0.02865912715316387,7.664169073104858,56700,1293,1350
Grad,10,1.0,5e-05,True,1.6890304468785136,0.02192659835429433,0.028658615207900806,1.3430919647216797,1472,1412,1472
None,10,1.0,0.0001,True,4.794178797850914,0.030367323223937377,0.03560310172655922,4.298581838607788,32382,744,771
Grad,10,1.0,0.0001,True,4.794178797850914,0.03036732373938255,0.03559157870584481,0.7260630130767822,754,725,754
None,10,1.0,0.0005,True,6.219633611838801,0.07323270891903194,0.07551563191564811,2.442548990249634,17430,406,415
Grad,10,1.0,0.0005,True,6.219633611838801,0.07323267547794504,0.07551056035582596,0.3729710578918457,416,408,416
None,10,1.0,0.001,True,5.8783138577116425,0.10745752597922789,0.10692363675483453,2.490269184112549,19026,440,453
Grad,10,1.0,0.001,True,5.8783138577116425,0.10745758436855948,0.10692021912591108,0.37400007247924805,412,406,412
None,10,1.2,1e-05,False,1.7542758815789323,0.012442954381937679,0.029658145203157998,9.452959060668945,72084,1558,1716
Grad,10,1.2,1e-05,True,1.7542758815789323,0.0031472639612864788,0.0033752258811668473,4.056685209274292,4468,4265,4468
None,10,1.2,5e-05,True,3.1555315344012493,0.021851375896016385,0.02747452267236699,2.7187440395355225,20580,477,490
Grad,10,1.2,5e-05,True,3.1555315344012493,0.021851376861253678,0.02746982865181553,0.43605709075927734,485,475,485
None,10,1.2,0.0001,True,7.125764912763423,0.038952697143756154,0.0503572052226793,4.027751922607422,29652,684,706
Grad,10,1.2,0.0001,True,7.125764912763423,0.03895270171446295,0.05035745378295198,0.6386630535125732,714,682,714
None,10,1.2,0.0005,True,3.6344025308885426,0.06305466869148214,0.06833294419458101,2.0240070819854736,15456,355,368
Grad,10,1.2,0.0005,True,3.6344025308885426,0.06305471341058536,0.06833118817449323,0.32356715202331543,359,351,359
None,10,1.2,0.001,True,3.1382215522801986,0.09176659009331312,0.09153006644052639,1.2745511531829834,9744,229,232
Grad,10,1.2,0.001,True,3.1382215522801986,0.09176659087055308,0.09153165998680285,0.20770716667175293,232,229,232
None,10,2.0,1e-05,True,7.292641122033597,0.0165413355515233,0.016896606898208717,6.467804193496704,46830,1073,1115
Grad,10,2.0,1e-05,True,7.292641122033597,0.017145886209952395,0.016512837670299138,1.2801730632781982,1358,1251,1358
None,10,2.0,5e-05,True,4.487694671024723,0.015455612674047589,0.02914125215400931,4.892423868179321,37086,849,883
Grad,10,2.0,5e-05,True,4.487694671024723,0.007822973015915018,0.008602697899042725,0.7822768688201904,867,837,867
None,10,2.0,0.0001,True,3.8665606248774216,0.021521024261705518,0.030602656273280668,1.732548713684082,13188,312,314
Grad,10,2.0,0.0001,True,3.8665606248774216,0.021521043147197903,0.030602305742471903,0.2843210697174072,315,311,315
None,10,2.0,0.0005,True,1.6871080475685,0.04715463351016708,0.05578613602444289,3.263063907623291,24486,562,583
Grad,10,2.0,0.0005,True,1.6871080475685,0.047154636687910756,0.055782851386361215,0.6492741107940674,585,567,585
None,10,2.0,0.001,True,8.070059843599099,0.06845736951439023,0.0709198927619156,2.095196008682251,15750,362,375
Grad,10,2.0,0.001,True,8.070059843599099,0.06845736317924686,0.07092052429065016,0.34108686447143555,373,362,373
None,10,5.0,1e-05,True,1.587784041552329,0.020417600241562382,0.02954789499504909,2.3058559894561768,17514,402,417
Grad,10,5.0,1e-05,True,1.587784041552329,0.003181641046785931,0.004152267726884622,2.659660816192627,2954,2801,2954
None,10,5.0,5e-05,True,2.042569894200834,0.0077419818981007155,0.007821542804922556,12.861438035964966,97272,2195,2316
Grad,10,5.0,5e-05,True,2.042569894200834,0.007420381469492325,0.01140460455472678,1.9865641593933105,2130,2027,2130
None,10,5.0,0.0001,True,1.8614338197917242,0.0160467961294548,0.026246601396068294,5.404177188873291,41034,920,977
Grad,10,5.0,0.0001,True,1.8614338197917242,0.025010592509671484,0.037962536119073735,0.6257808208465576,691,661,691
None,10,5.0,0.0005,True,4.216363110408574,0.03984878854085464,0.050132840312632806,2.4362618923187256,18522,424,441
Grad,10,5.0,0.0005,True,4.216363110408574,0.038790633411268746,0.051347765251306285,0.4480733871459961,462,444,462
None,10,5.0,0.001,True,5.139753693430022,0.048995089659604474,0.06697375669451637,2.410764217376709,18102,415,431
Grad,10,5.0,0.001,True,5.139753693430022,0.0439256976285553,0.0602327784598843,0.36258411407470703,399,392,399
None,15,0.2,1e-05,True,3.2013325670430786,0.020966218952209088,0.022330320155414946,42.60143303871155,259470,4013,4185
Grad,15,0.2,1e-05,True,3.2013325670430786,0.02096451431583513,0.02231523997789547,6.090571880340576,4640,4421,4640
None,15,0.2,5e-05,True,1.2280531263389114,0.06534813090959465,0.0722058625724992,8.638256072998047,45136,712,728
Grad,15,0.2,5e-05,True,1.2280531263389114,0.06534884902886255,0.07225350387463539,0.8318777084350586,716,695,716
None,15,0.2,0.0001,True,2.9068237293613017,0.09505439248241737,0.09967014691803786,10.047791957855225,64356,998,1038
Grad,15,0.2,0.0001,True,2.9068237293613017,0.09505131298082478,0.09969052657354069,1.498250961303711,1105,1060,1105
None,15,0.2,0.0005,True,1.7931548655546912,0.20273990909579326,0.18975453275396176,3.1168220043182373,17794,281,287
Grad,15,0.2,0.0005,True,1.7931548655546912,0.20274035720343808,0.18974614275965196,0.3615560531616211,271,266,271
None,15,0.2,0.001,True,1.1612451942332291,0.2801330074180783,0.26454917697187574,1.7068560123443604,9982,159,161
Grad,15,0.2,0.001,True,1.1612451942332291,0.2801330047043942,0.26454922366049066,0.19379520416259766,161,159,161
None,15,0.4,1e-05,True,4.405582986600878,0.009648313771733422,0.010283207194192099,30.686014890670776,186744,2890,3012
Grad,15,0.4,1e-05,True,4.405582986600878,0.00991463580634634,0.010978319554740552,5.467135906219482,4482,4293,4482
None,15,0.4,5e-05,True,4.663116436692323,0.0350937810298409,0.03856593419393291,20.754820823669434,116250,1808,1875
Grad,15,0.4,5e-05,True,4.663116436692323,0.03920702601994993,0.04230706258910277,1.5226328372955322,1127,1081,1127
None,15,0.4,0.0001,True,2.84557130565652,0.05785418487021242,0.06314437541240626,7.851538181304932,44268,694,714
Grad,15,0.4,0.0001,True,2.84557130565652,0.05785327724328052,0.06314770446587517,0.8370838165283203,717,689,717
None,15,0.4,0.0005,True,2.1810607760542484,0.1370306230156782,0.12979072480151918,7.426176071166992,41168,626,664
Grad,15,0.4,0.0005,True,2.1810607760542484,0.13702846319023027,0.12969015122085908,0.9734809398651123,732,689,732
None,15,0.4,0.001,True,1.0307847178432075,0.18091942218088872,0.17039968380672427,6.022955894470215,33728,526,544
Grad,15,0.4,0.001,True,1.0307847178432075,0.1809195943436005,0.17039644807832555,0.5540399551391602,466,450,466
None,15,0.6,1e-05,True,10.214555491515558,0.005998941984921257,0.006513789971565726,28.884205102920532,160084,2471,2582
Grad,15,0.6,1e-05,True,10.214555491515558,0.014013299789093792,0.035366363289338246,2.115157127380371,1595,1520,1595
None,15,0.6,5e-05,True,2.001979777399404,0.023197465529375398,0.024630010604260347,17.55563998222351,98704,1526,1592
Grad,15,0.6,5e-05,True,2.001979777399404,0.023335094607964905,0.02476425799918508,1.474259853363037,1130,1111,1130
None,15,0.6,0.0001,True,3.2327581148795277,0.0394866890045971,0.04292115112720678,9.222870111465454,51088,798,824
Grad,15,0.6,0.0001,True,3.2327581148795277,0.03948670830828117,0.04291525034112086,1.251164197921753,936,910,936
None,15,0.6,0.0005,True,1.3593119339191797,0.09899660622376336,0.09769736748041546,6.183069229125977,40238,630,649
Grad,15,0.6,0.0005,True,1.3593119339191797,0.09899658403464986,0.09770182493018802,0.9403426647186279,845,816,845
None,15,0.6,0.001,True,2.4040314038766826,0.14685810227231877,0.13909542633579292,5.053221225738525,32984,515,532
Grad,15,0.6,0.001,True,2.4040314038766826,0.14685821602298682,0.1390936031120059,0.5854527950286865,525,513,525
None,15,0.8,1e-05,True,1.0300038487677425,0.0041878178782599786,0.004415491234164252,23.604584217071533,154876,2390,2498
Grad,15,0.8,1e-05,True,1.0300038487677425,0.004351238019698073,0.004545803553337953,1.5825309753417969,1399,1360,1399
None,15,0.8,5e-05,True,3.5605193353916578,0.017092076522896106,0.018093020962040393,16.451203107833862,108004,1686,1742
Grad,15,0.8,5e-05,True,3.5605193353916578,0.017092011751030603,0.018093388448944994,2.32576322555542,1724,1671,1724
None,15,0.8,0.0001,True,6.427739504673786,0.03586885430247419,0.03755776704502648,6.706172227859497,43276,680,698
Grad,15,0.8,0.0001,True,6.427739504673786,0.035868941146555214,0.03756606608502758,0.8309686183929443,743,727,743
None,15,0.8,0.0005,True,3.274893259212649,0.08249782771912231,0.08552705828550308,4.885038137435913,31930,513,515
Grad,15,0.8,0.0005,True,3.274893259212649,0.08245760537720187,0.08494455646600432,0.6271789073944092,565,556,565
None,15,0.8,0.001,True,13.171087470109363,0.13061526509421784,0.12375198031574047,5.707601070404053,37510,588,605
Grad,15,0.8,0.001,True,13.171087470109363,0.13061627332105097,0.12375648161909106,0.575164794921875,517,505,517
None,15,1.0,1e-05,True,2.7826843917932025,0.0032417310529439477,0.003408946695582768,11.598140954971313,75268,1177,1214
Grad,15,1.0,1e-05,True,2.7826843917932025,0.003241598544572616,0.0034097066496793296,1.3761930465698242,1230,1190,1230
None,15,1.0,5e-05,True,16.51257189140062,0.013342890777758368,0.014100492964984208,17.335822105407715,113398,1762,1829
Grad,15,1.0,5e-05,True,16.51257189140062,0.013343169614002474,0.014099091769483447,2.5148680210113525,2243,2176,2243
None,15,1.0,0.0001,True,14.745857298632627,0.024869838587357224,0.025136125386138634,8.18103313446045,52824,829,852
Grad,15,1.0,0.0001,True,14.745857298632627,0.024869833332623704,0.025134360051846414,0.9694631099700928,837,820,837
None,15,1.0,0.0005,True,2.1634619592734734,0.07120107816091487,0.07377822840530575,4.605633020401001,29946,477,483
Grad,15,1.0,0.0005,True,2.1634619592734734,0.07120050868205989,0.07376443686289302,0.5468993186950684,486,479,486
None,15,1.0,0.001,True,2.7366471924771467,0.1047876846444428,0.10507959174211505,5.006287097930908,32798,522,529
Grad,15,1.0,0.001,True,2.7366471924771467,0.10478780597482792,0.10508140156095636,0.5946779251098633,508,500,508
None,15,1.2,1e-05,True,8.94050145209128,0.002598468191295321,0.0027566866365805057,18.440428018569946,119784,1861,1932
Grad,15,1.2,1e-05,True,8.94050145209128,0.0025933923579982603,0.002843119146507171,2.37465500831604,2003,1931,2003
None,15,1.2,5e-05,True,2.6344119447486953,0.01085093710511873,0.011478435767846091,14.667492151260376,90582,1410,1461
Grad,15,1.2,5e-05,True,2.6344119447486953,0.010906671488478285,0.011488635631495193,2.1966652870178223,1906,1840,1906
None,15,1.2,0.0001,True,1.414700134921328,0.019631967029905918,0.020931914745893246,38.19563698768616,105338,1628,1699
Grad,15,1.2,0.0001,True,1.414700134921328,0.019631712350494938,0.02093197410245161,1.639237880706787,1462,1397,1462
None,15,1.2,0.0005,True,4.466525085784778,0.06367538511157793,0.06619681829912336,4.669668912887573,29202,462,471
Grad,15,1.2,0.0005,True,4.466525085784778,0.06367442562022663,0.06633270328948324,0.6131360530853271,506,499,506
None,15,1.2,0.001,True,5.200344175972003,0.08967319556210233,0.08862371708303549,4.5467209815979,28644,460,462
Grad,15,1.2,0.001,True,5.200344175972003,0.0896732243221289,0.08863346936430747,0.5109639167785645,453,449,453
None,15,2.0,1e-05,True,5.4645213323666555,0.0014934699989278663,0.0016132547119750136,23.745288848876953,153636,2385,2478
Grad,15,2.0,1e-05,True,5.4645213323666555,0.0014984981790654177,0.001576813116326736,2.1839499473571777,1939,1862,1939
None,15,2.0,5e-05,True,20.088333449119112,0.01464978888458866,0.02008600095454827,7.540067672729492,48546,770,783
Grad,15,2.0,5e-05,True,20.088333449119112,0.014649763500933168,0.02006717091936627,0.9179949760437012,818,792,818
None,15,2.0,0.0001,True,5.467553120031789,0.011841523151432748,0.012712282064457327,12.952280044555664,84196,1310,1358
Grad,15,2.0,0.0001,True,5.467553120031789,0.011841526932022676,0.01271209255461602,1.6496610641479492,1466,1424,1466
None,15,2.0,0.0005,True,2.237997840195766,0.04787377116156109,0.04832723073425884,4.93333625793457,31868,502,514
Grad,15,2.0,0.0005,True,2.237997840195766,0.04787372528946846,0.04833116469473513,0.6200618743896484,549,536,549
None,15,2.0,0.001,True,7.685961853724328,0.06847513764215002,0.0694304741893046,4.6104021072387695,29326,466,473
Grad,15,2.0,0.001,True,7.685961853724328,0.06847517896494743,0.06941755277964215,0.5523800849914551,468,461,468
None,15,5.0,1e-05,True,12.878881849385449,0.0006944845064139803,0.0008002707156238049,52.20221304893494,336164,5196,5422
Grad,15,5.0,1e-05,True,12.878881849385449,0.0006456814556734657,0.0008443605210245635,4.206046104431152,3685,3533,3685
None,15,5.0,5e-05,True,12.696748337244,0.00297500806286311,0.0034892029820430106,15.462476968765259,99510,1555,1605
Grad,15,5.0,5e-05,True,12.696748337244,0.014536503559938746,0.02399442118329624,0.9099698066711426,811,783,811
None,15,5.0,0.0001,True,1.08144373822375,0.004927146911356962,0.005373061819297148,11.12528109550476,72788,1133,1174
Grad,15,5.0,0.0001,True,1.08144373822375,0.004927537084362574,0.005357532213922044,1.1886379718780518,1059,1030,1059
None,15,5.0,0.0005,True,5.0562260746283885,0.02062960261085826,0.02315365872356248,5.632508039474487,36642,576,591
Grad,15,5.0,0.0005,True,5.0562260746283885,0.02062959657249087,0.02315481346265954,0.6671409606933594,594,583,594
None,15,5.0,0.001,True,3.151568495344265,0.039420825353947114,0.05219602779428774,8.074667930603027,52638,820,849
Grad,15,5.0,0.001,True,3.151568495344265,0.0474773211650077,0.05382237742507996,0.41282200813293457,368,358,368
None,20,0.2,1e-05,True,2.9078332092878667,0.02071653928361804,0.022492946352843334,40.7665319442749,214184,2527,2612
Grad,20,0.2,1e-05,True,2.9078332092878667,0.020899040943029003,0.023585407907809528,5.144850254058838,3549,3389,3549
None,20,0.2,5e-05,True,1.560801787161982,0.06512622809316995,0.07309853521435822,12.116971015930176,62976,742,768
Grad,20,0.2,5e-05,True,1.560801787161982,0.0651249362239503,0.07308140371129576,1.1946213245391846,822,795,822
None,20,0.2,0.0001,True,1.320619589391244,0.094792803409873,0.09961328118399843,19.63253402709961,104058,1202,1269
Grad,20,0.2,0.0001,True,1.320619589391244,0.09479137959228318,0.09960290764965293,1.6226191520690918,1118,1070,1118
None,20,0.2,0.0005,True,2.12829054613424,0.19926622098071634,0.1870767135134547,4.248306751251221,21484,256,262
Grad,20,0.2,0.0005,True,2.12829054613424,0.19926621423837276,0.18707601994894787,0.38112401962280273,263,258,263
None,20,0.2,0.001,True,1.5349353168394668,0.280132905444459,0.2645540832421511,3.3074841499328613,17466,210,213
Grad,20,0.2,0.001,True,1.5349353168394668,0.28013290750834596,0.26455300007015636,0.3088991641998291,212,208,212
None,20,0.4,1e-05,True,3.3915788653430474,0.00945998652885002,0.010044855678385837,60.1850049495697,312502,3649,3811
Grad,20,0.4,1e-05,True,3.3915788653430474,0.009548403596886797,0.009867050525310256,3.7226250171661377,2568,2470,2568
None,20,0.4,5e-05,True,1.7501219538126405,0.04232165286845162,0.052987501483405766,21.725931882858276,115210,1347,1405
Grad,20,0.4,5e-05,True,1.7501219538126405,0.04232041079789067,0.053019426437415106,1.9991190433502197,1381,1321,1381
None,20,0.4,0.0001,True,1.0191882826522776,0.057555358937808,0.06283489022066953,13.527676105499268,71094,833,867
Grad,20,0.4,0.0001,True,1.0191882826522776,0.05750211089173138,0.06268202652972069,1.5792689323425293,1090,1062,1090
None,20,0.4,0.0005,True,3.4034275599271733,0.1369833314604169,0.1295902062303617,7.47626805305481,39852,472,486
Grad,20,0.4,0.0005,True,3.4034275599271733,0.13698330614791207,0.12958926762006392,0.7565288543701172,522,498,522
None,20,0.4,0.001,True,4.884963371710238,0.18088820739577235,0.17037600793442745,6.782644033432007,35916,419,438
Grad,20,0.4,0.001,True,4.884963371710238,0.18088748846115493,0.17038019155561218,0.665651798248291,459,445,459
None,20,0.6,1e-05,True,3.274934480736013,0.005796451031697837,0.0060986674004414754,65.05096411705017,322342,3783,3931
Grad,20,0.6,1e-05,True,3.274934480736013,0.005784510403739103,0.006102161539829093,6.433266878128052,4108,3957,4108
None,20,0.6,5e-05,True,1.8094940504352546,0.022848668818492665,0.024906897290263803,32.80423593521118,148584,1736,1812
Grad,20,0.6,5e-05,True,1.8094940504352546,0.022848662892260174,0.024910607570198775,2.7328248023986816,1859,1780,1859
None,20,0.6,0.0001,True,4.359509640278659,0.03818298787877848,0.04198989025261186,44.503172874450684,216890,2543,2645
Grad,20,0.6,0.0001,True,4.359509640278659,0.04083087071838329,0.04187384292772696,2.0113770961761475,1355,1330,1355
None,20,0.6,0.0005,True,1.3782231891280543,0.1009278706014304,0.10350157381605844,8.63820481300354,43788,522,534
Grad,20,0.6,0.0005,True,1.3782231891280543,0.10092533500876738,0.10349569873147184,0.8884031772613525,599,587,599
None,20,0.6,0.001,True,4.4348769569306485,0.14678263179001444,0.138970346743935,9.524155139923096,49528,589,604
Grad,20,0.6,0.001,True,4.4348769569306485,0.14678255003598858,0.13896658857512242,0.8787250518798828,594,571,594
None,20,0.8,1e-05,True,5.96416596308228,0.004053256022184341,0.004247776553717211,36.34762501716614,186878,2178,2279
Grad,20,0.8,1e-05,True,5.96416596308228,0.004072919051056992,0.004270166450052659,2.0684258937835693,1396,1339,1396
None,20,0.8,5e-05,True,3.1675920878375745,0.016601622470988633,0.01759785219455816,25.72890591621399,129970,1540,1585
Grad,20,0.8,5e-05,True,3.1675920878375745,0.016748355054116846,0.017286969244626697,2.655942916870117,1432,1389,1432
None,20,0.8,0.0001,True,4.498858243262702,0.029854604608734958,0.03275386022498051,16.531840085983276,85444,1013,1042
Grad,20,0.8,0.0001,True,4.498858243262702,0.02975700273276078,0.03250581127740569,1.737295150756836,1172,1137,1172
None,20,0.8,0.0005,True,2.448668686412249,0.08187445468050358,0.08470457452225325,8.152889966964722,41656,496,508
Grad,20,0.8,0.0005,True,2.448668686412249,0.0819026335811116,0.08520531943161165,0.7597610950469971,515,508,515
None,20,0.8,0.001,True,5.9375676109254165,0.13033373661120567,0.12278672645473866,7.621960163116455,39606,468,483
Grad,20,0.8,0.001,True,5.9375676109254165,0.13033366304917277,0.12278712383064883,0.7377479076385498,495,482,495
None,20,1.0,1e-05,True,13.378646098764039,0.0031004482029627087,0.0032167994859715505,40.08311486244202,204754,2405,2497
Grad,20,1.0,1e-05,True,13.378646098764039,0.003084455036279983,0.003256821617635866,5.295799970626831,3568,3429,3568
None,20,1.0,5e-05,True,1.4312755767777054,0.01326800215504044,0.014021821898709203,21.13177800178528,108486,1262,1323
Grad,20,1.0,5e-05,True,1.4312755767777054,0.013268512938467926,0.014021474549487876,2.0892627239227295,1394,1338,1394
None,20,1.0,0.0001,True,10.008502065553268,0.023173709502489277,0.02450649834112805,22.799330711364746,118572,1415,1446
Grad,20,1.0,0.0001,True,10.008502065553268,0.02317297744012644,0.02452024241040244,2.1663107872009277,1458,1413,1458
None,20,1.0,0.0005,True,4.408599049646084,0.06824543892363141,0.07073123905297388,9.18927526473999,46986,563,573
Grad,20,1.0,0.0005,True,4.408599049646084,0.06824568214210958,0.0707230830759345,0.8434638977050781,565,550,565
None,20,1.0,0.001,True,4.284798967759586,0.10165349449610636,0.0989886671186401,7.125570058822632,36818,445,449
Grad,20,1.0,0.001,True,4.284798967759586,0.10165311930155402,0.09900443612148042,0.717095136642456,482,474,482
None,20,1.2,1e-05,True,13.985510612921844,0.002495196909874227,0.0025898399644233953,42.34424090385437,220334,2603,2687
Grad,20,1.2,1e-05,True,13.985510612921844,0.002496997102059118,0.0025928249826235863,3.621142864227295,2436,2368,2436
None,20,1.2,5e-05,True,10.242977681189744,0.010642121849004028,0.011451248536391997,24.647264003753662,127100,1504,1550
Grad,20,1.2,5e-05,True,10.242977681189744,0.010490666113991543,0.01109122617776218,2.6678478717803955,1812,1741,1812
None,20,1.2,0.0001,True,6.882524430856582,0.019071300856946003,0.02098884879900411,21.65298581123352,112176,1333,1368
Grad,20,1.2,0.0001,True,6.882524430856582,0.019071402902104517,0.021000410518607925,2.3193342685699463,1566,1517,1566
None,20,1.2,0.0005,True,1.090255918943463,0.06101361145245199,0.06496207460666668,9.368937969207764,49036,576,598
Grad,20,1.2,0.0005,True,1.090255918943463,0.061013510869996915,0.06495804218973865,0.9082322120666504,612,599,612
None,20,1.2,0.001,True,6.176988655775468,0.09187937140741273,0.09375898916036021,6.639842987060547,34768,420,424
Grad,20,1.2,0.001,True,6.176988655775468,0.0918793206576119,0.09375868977966503,0.6477367877960205,440,434,440
None,20,2.0,1e-05,True,3.963253057895839,0.001364982129526391,0.0014777832008166748,39.580190896987915,202458,2379,2469
Grad,20,2.0,1e-05,True,3.963253057895839,0.0013638489976865345,0.0014887516882458548,4.38335394859314,2956,2850,2956
None,20,2.0,5e-05,True,43.18263223443195,0.005917281837606123,0.006241740242840834,30.192312002182007,151782,1804,1851
Grad,20,2.0,5e-05,True,43.18263223443195,0.0058843510864065324,0.006396559754855063,2.705137014389038,1818,1769,1818
None,20,2.0,0.0001,True,19.120319930398587,0.010857997205158417,0.011440838444745565,22.045044898986816,114882,1363,1401
Grad,20,2.0,0.0001,True,19.120319930398587,0.010858050188624197,0.011446650630918145,2.043759822845459,1378,1340,1378
None,20,2.0,0.0005,True,2.7020994769147015,0.041436423210913134,0.044706508121655136,7.731832027435303,40426,488,493
Grad,20,2.0,0.0005,True,2.7020994769147015,0.04143647333786921,0.044711269535284134,0.7337741851806641,495,488,495
None,20,2.0,0.001,True,9.426263296116469,0.06480203823073163,0.06764063913829296,12.36897611618042,62074,743,757
Grad,20,2.0,0.001,True,9.426263296116469,0.06514377019101594,0.06795425805750838,0.9187448024749756,589,580,589
None,20,5.0,1e-05,True,3.233461529773321,0.000525079074886005,0.0006502497651438947,84.13384699821472,418282,4919,5101
Grad,20,5.0,1e-05,True,3.233461529773321,0.0005295473665214183,0.0006360457640280002,9.150862216949463,6179,5901,6179
None,20,5.0,5e-05,True,8.546197751154589,0.002267901128293324,0.002582920957743996,66.64725804328918,344318,4054,4199
Grad,20,5.0,5e-05,True,8.546197751154589,0.002314145104330467,0.0026743320635582097,5.881781101226807,3229,3122,3229
None,20,5.0,0.0001,True,9.170219889052595,0.004277203726553285,0.0048985847755070745,15.636214017868042,79376,945,968
Grad,20,5.0,0.0001,True,9.170219889052595,0.004317389242468225,0.004775750465222475,1.4931342601776123,992,969,992
None,20,5.0,0.0005,True,5.202181354849718,0.018256905061698095,0.019726588565193593,9.518476009368896,49528,583,604
Grad,20,5.0,0.0005,True,5.202181354849718,0.018171203901811397,0.020334438502040843,0.7999029159545898,538,523,538
None,20,5.0,0.001,True,4.534234583008173,0.03251630325082915,0.03644648401691201,9.182210206985474,47806,566,583
Grad,20,5.0,0.001,True,4.534234583008173,0.03251456802184093,0.0365073559495154,1.4077391624450684,930,904,930
None,25,0.2,1e-05,True,1.842660474482303,0.02049342702096974,0.021389486383945108,57.66128206253052,262446,2479,2573
Grad,25,0.2,1e-05,True,1.842660474482303,0.02049829237029881,0.02139504382639758,6.214679956436157,3424,3264,3424
None,25,0.2,5e-05,True,1.2720841329452672,0.06499115430737995,0.07259175392505218,23.444251775741577,102714,964,1007
Grad,25,0.2,5e-05,True,1.2720841329452672,0.0649855439354044,0.07258282731789545,1.838301181793213,1045,999,1045
None,25,0.2,0.0001,True,1.5524418999855563,0.11688439553047501,0.10652954671982098,9.909090995788574,44982,428,441
Grad,25,0.2,0.0001,True,1.5524418999855563,0.11688345608037676,0.10652732008243056,0.8237779140472412,465,450,465
None,25,0.2,0.0005,True,2.167956023561203,0.20270986256150964,0.18989812544508222,8.044349193572998,36618,352,359
Grad,25,0.2,0.0005,True,2.167956023561203,0.20270970639568064,0.18990266849423437,0.6445949077606201,367,359,367
None,25,0.2,0.001,True,0.8614881031377738,0.28013299395926367,0.2645546299836726,3.7820329666137695,17238,167,169
Grad,25,0.2,0.001,True,0.8614881031377738,0.2801329911160777,0.2645549173984069,0.3039088249206543,171,169,171
None,25,0.4,1e-05,True,1.873305187728045,0.00965828234657215,0.010407680177590622,61.85939311981201,280908,2622,2754
Grad,25,0.4,1e-05,True,1.873305187728045,0.009638603850776558,0.010385039469880182,5.483863830566406,3119,2967,3119
None,25,0.4,5e-05,True,2.390684324617026,0.03352478654632999,0.03672663329149938,41.969897985458374,189006,1792,1853
Grad,25,0.4,5e-05,True,2.390684324617026,0.042239640918096656,0.05285934271395259,2.252488851547241,1280,1242,1280
None,25,0.4,0.0001,True,5.0592575389049435,0.05560020058680243,0.06008786216375332,19.222368001937866,87924,830,862
Grad,25,0.4,0.0001,True,5.0592575389049435,0.05561963280152635,0.05997409033193132,1.6086430549621582,910,875,910
None,25,0.4,0.0005,True,1.1100005479942987,0.13696243025039426,0.12953140700713991,13.496041297912598,60588,563,594
Grad,25,0.4,0.0005,True,1.1100005479942987,0.13696251739695892,0.12953533241927515,1.0872209072113037,612,574,612
None,25,0.4,0.001,True,10.581068419135557,0.18087060784921216,0.17038245896172444,8.787153959274292,40392,385,396
Grad,25,0.4,0.001,True,10.581068419135557,0.18087051041038474,0.1703848911893148,0.7003121376037598,397,383,397
None,25,0.6,1e-05,True,4.239986444918573,0.0058172817971395225,0.006023495347735948,102.00262188911438,465222,4342,4561
Grad,25,0.6,1e-05,True,4.239986444918573,0.005741814514692305,0.00605750597924228,5.586055755615234,3189,3054,3189
None,25,0.6,5e-05,True,6.5270925447099035,0.02300480402782045,0.024179224903319294,22.285073041915894,101082,965,991
Grad,25,0.6,5e-05,True,6.5270925447099035,0.02300406344134699,0.024169272998598477,1.7809569835662842,1013,984,1013
None,25,0.6,0.0001,True,4.448521015669917,0.04022800404386511,0.04125046221750317,23.833317756652832,105264,1007,1032
Grad,25,0.6,0.0001,True,4.448521015669917,0.04022824263772664,0.04126062240587125,2.0037670135498047,1122,1094,1122
None,25,0.6,0.0005,True,4.557752999702268,0.1005703247650041,0.10245664264347792,15.826507806777954,72216,693,708
Grad,25,0.6,0.0005,True,4.557752999702268,0.10057094681877524,0.10245478091161822,1.0916261672973633,618,608,618
None,25,0.6,0.001,True,7.829965706719449,0.1467373679482464,0.13888758601758683,15.433747053146362,65586,618,643
Grad,25,0.6,0.001,True,7.829965706719449,0.14673709752480935,0.1388777830650883,1.2045021057128906,687,664,687
None,25,0.8,1e-05,True,1.6086158711327168,0.004025211646397299,0.0041937099047864275,65.5623071193695,299676,2827,2938
Grad,25,0.8,1e-05,True,1.6086158711327168,0.004020864053721223,0.0041904590904400345,5.5541369915008545,3163,3047,3163
None,25,0.8,5e-05,True,2.635245273108245,0.01650889771198038,0.017242755707890647,31.301209926605225,142188,1343,1394
Grad,25,0.8,5e-05,True,2.635245273108245,0.016507870003223613,0.017223756773990764,2.6925430297851562,1536,1479,1536
None,25,0.8,0.0001,True,7.713513781214745,0.02854756063012924,0.031150319676704105,26.800381898880005,121482,1164,1191
Grad,25,0.8,0.0001,True,7.713513781214745,0.028546618075811447,0.03114240881838766,2.215657949447632,1283,1247,1283
None,25,0.8,0.0005,True,12.575429967665455,0.07912274171274344,0.08038041349617017,13.859856128692627,64056,614,628
Grad,25,0.8,0.0005,True,12.575429967665455,0.07912274735331865,0.08037967949155282,1.259645938873291,631,620,631
None,25,0.8,0.001,True,1.1794230281119786,0.12195987053385915,0.12195026714600526,83.8435800075531,62730,603,615
Grad,25,0.8,0.001,True,1.1794230281119786,0.12195989311415045,0.12194857040863462,1.0863890647888184,610,600,610
None,25,1.0,1e-05,True,2.79655852015902,0.003042075784231429,0.0031774108299225893,47.7871789932251,210018,1973,2059
Grad,25,1.0,1e-05,True,2.79655852015902,0.0030434227981567196,0.0031816865800696477,3.9523532390594482,2231,2143,2231
None,25,1.0,5e-05,True,11.012958253053071,0.012721187500260037,0.013992628888450168,38.720556020736694,175440,1651,1720
Grad,25,1.0,5e-05,True,11.012958253053071,0.012721048764897672,0.014004093710645493,3.441756010055542,1935,1872,1935
None,25,1.0,0.0001,True,2.954522607858086,0.023376876378798588,0.024467312502837554,34.211485862731934,154224,1463,1512
Grad,25,1.0,0.0001,True,2.954522607858086,0.023376712788976024,0.024468683899556008,2.641508102416992,1475,1429,1475
None,25,1.0,0.0005,True,6.472989636702682,0.07041123433178054,0.07408399462009216,12.523460865020752,57018,552,559
Grad,25,1.0,0.0005,True,6.472989636702682,0.07041130891646492,0.0740796137404835,0.9781298637390137,551,543,551
None,25,1.0,0.001,True,14.562797585855776,0.10364262816082241,0.10461616378619855,12.218439817428589,55590,540,545
Grad,25,1.0,0.001,True,14.562797585855776,0.10364250050838916,0.10461685694791062,0.9377861022949219,526,521,526
None,25,1.2,1e-05,True,2.293677834123549,0.00244793358412494,0.0025337394531796853,54.98043704032898,249696,2351,2448
Grad,25,1.2,1e-05,True,2.293677834123549,0.002448484433452342,0.002536466572572616,3.908874988555908,2205,2124,2205
None,25,1.2,5e-05,True,2.750839689645014,0.010316559738934314,0.010831256148432382,26.34445810317993,119544,1146,1172
Grad,25,1.2,5e-05,True,2.750839689645014,0.010317201926700601,0.01083758354416583,2.04980206489563,1164,1135,1164
None,25,1.2,0.0001,True,17.578029998303354,0.019332762274537788,0.02104919834024766,31.928157091140747,144738,1380,1419
Grad,25,1.2,0.0001,True,17.578029998303354,0.019333660530358492,0.02104484499302412,2.3927721977233887,1330,1290,1330
None,25,1.2,0.0005,True,9.52973799858811,0.0607835982997524,0.06478071287290955,14.660035133361816,66708,637,654
Grad,25,1.2,0.0005,True,9.52973799858811,0.06078355796246493,0.06480010733082606,1.1705470085144043,664,652,664
None,25,1.2,0.001,True,8.085581488869188,0.08876705106154247,0.08763055155060209,11.03144097328186,50592,490,496
Grad,25,1.2,0.001,True,8.085581488869188,0.08876686215430762,0.08763119936913338,0.9044547080993652,511,504,511
None,25,2.0,1e-05,True,8.553752692185233,0.0013310932539586599,0.0014629904532129179,53.571844816207886,238680,2270,2340
Grad,25,2.0,1e-05,True,8.553752692185233,0.0013056974342121124,0.001397350813100722,5.504666805267334,3116,2987,3116
None,25,2.0,5e-05,True,3.8707224611883517,0.005756721973206879,0.006119932418534451,39.170308113098145,177582,1685,1741
Grad,25,2.0,5e-05,True,3.8707224611883517,0.005756522196881164,0.0061202921796452234,3.098544120788574,1687,1638,1687
None,25,2.0,0.0001,True,31.049428134304176,0.010672752073349537,0.011389660492213533,28.822587728500366,128622,1236,1261
Grad,25,2.0,0.0001,True,31.049428134304176,0.010673022218215832,0.011391885765394603,2.1976468563079834,1240,1206,1240
None,25,2.0,0.0005,True,8.713787559057382,0.042226750046112566,0.046222647668952524,19.650757789611816,89250,867,875
Grad,25,2.0,0.0005,True,8.713787559057382,0.042226807507667025,0.04622581775776956,1.5606238842010498,845,831,845
None,25,2.0,0.001,True,4.309114484576148,0.06464304446755592,0.06737161004180561,12.952018976211548,58752,566,576
Grad,25,2.0,0.001,True,4.309114484576148,0.06464302401024943,0.06737169562799256,1.005235195159912,568,560,568
None,25,5.0,1e-05,True,9.219610045575825,0.0004989182658885728,0.0005935082018969848,107.82035875320435,490722,4660,4811
Grad,25,5.0,1e-05,True,9.219610045575825,0.0004932944296387728,0.0005954874190290002,7.822897911071777,4191,4050,4191
None,25,5.0,5e-05,True,11.728799157196422,0.002154530242951081,0.002475498460528142,67.00521326065063,176052,1680,1726
Grad,25,5.0,5e-05,True,11.728799157196422,0.0021922640217294483,0.0023853989772368374,2.6762709617614746,1579,1536,1579
None,25,5.0,0.0001,True,2.7132655421595744,0.004129082412280634,0.004568140213680028,359.83984112739563,221544,2124,2172
Grad,25,5.0,0.0001,True,2.7132655421595744,0.004130989888075487,0.004542828022878106,4.83275294303894,2703,2642,2703
None,25,5.0,0.0005,True,15.142905000057876,0.01726980328557058,0.018748302334177836,20.647096157073975,95064,903,932
Grad,25,5.0,0.0005,True,15.142905000057876,0.017103185487754913,0.018845861285686834,1.7310328483581543,988,965,988
None,25,5.0,0.001,True,8.169757610362662,0.031142228588835582,0.03359466301225068,15.71636414527893,70176,681,688
Grad,25,5.0,0.001,True,8.169757610362662,0.03142175130531807,0.03478554153660535,1.413466215133667,807,789,807
None,30,0.2,1e-05,True,1.3411709162568197,0.02037149810434499,0.021359659358330976,63.86455702781677,262788,2080,2154
Grad,30,0.2,1e-05,True,1.3411709162568197,0.020380125965776652,0.021347814502660625,3.688131093978882,1841,1764,1841
None,30,0.2,5e-05,True,0.9531412630735666,0.06493278571854849,0.07258149017077212,27.77041482925415,115534,911,947
Grad,30,0.2,5e-05,True,0.9531412630735666,0.06492448967069109,0.07248089521365608,2.256498098373413,1128,1077,1128
None,30,0.2,0.0001,True,1.723228068152279,0.09478673369860008,0.10001300849413457,29.449805974960327,121390,957,995
Grad,30,0.2,0.0001,True,1.723228068152279,0.09470992965002642,0.10082968403234754,2.358386993408203,1179,1126,1179
None,30,0.2,0.0005,True,1.3415639483429171,0.20270795096176084,0.1898881547518477,8.280694007873535,34404,274,282
Grad,30,0.2,0.0005,True,1.3415639483429171,0.20270793968269213,0.18988808360762013,0.5629119873046875,281,274,281
None,30,0.2,0.001,True,1.1166950779173985,0.2801329547811937,0.2645536173395623,4.36423134803772,18056,146,148
Grad,30,0.2,0.001,True,1.1166950779173985,0.2801329556020066,0.2645537574625053,0.3024587631225586,148,146,148
None,30,0.4,1e-05,True,2.5535788364518854,0.00944212233853281,0.009848034857219697,60.96005392074585,252052,1998,2066
Grad,30,0.4,1e-05,True,2.5535788364518854,0.009321635442884738,0.01015151482404408,6.450856924057007,3214,3074,3214
None,30,0.4,5e-05,True,7.817776116370752,0.03432693456009665,0.0359412454682554,46.37202787399292,191540,1505,1570
Grad,30,0.4,5e-05,True,7.817776116370752,0.034326280441389107,0.03596005295943027,2.7985551357269287,1339,1289,1339
None,30,0.4,0.0001,True,2.206519230041792,0.05550067817554494,0.05999708336568512,37.94250130653381,152622,1202,1251
Grad,30,0.4,0.0001,True,2.206519230041792,0.05549923934052261,0.06000151342174019,2.4056241512298584,1188,1143,1188
None,30,0.4,0.0005,True,1.6918610846130446,0.13694390248577218,0.1294965154868201,13.961202144622803,58316,462,478
Grad,30,0.4,0.0005,True,1.6918610846130446,0.13694461922094842,0.12949616121441018,0.9503133296966553,476,457,476
None,30,0.4,0.001,True,1.7400175910055118,0.18086006152457296,0.17037513332009596,15.87854790687561,64782,515,531
Grad,30,0.4,0.001,True,1.7400175910055118,0.1808594528322569,0.17037911613178996,1.1032440662384033,552,532,552
None,30,0.6,1e-05,True,5.5956079879839065,0.005714165201818518,0.006018818314343492,94.27954316139221,392352,3105,3216
Grad,30,0.6,1e-05,True,5.5956079879839065,0.005720878610023409,0.006030540070466765,4.21327018737793,2110,2018,2110
None,30,0.6,5e-05,True,5.377246907885928,0.022003302149001668,0.024067623599102472,41.805663108825684,173728,1379,1424
Grad,30,0.6,5e-05,True,5.377246907885928,0.022000853195131957,0.024058213061764602,3.0848958492279053,1541,1501,1541
None,30,0.6,0.0001,True,5.248745360942999,0.04026297874563424,0.043474122382474,28.730085849761963,119194,957,977
Grad,30,0.6,0.0001,True,5.248745360942999,0.04026159930848888,0.04347244735045204,2.053128957748413,1015,985,1015
None,30,0.6,0.0005,True,6.511923678328912,0.10041270039941619,0.10319952681731465,19.679131269454956,81374,651,667
Grad,30,0.6,0.0005,True,6.511923678328912,0.10041244009772274,0.10320218626285088,1.4346189498901367,718,698,718
None,30,0.6,0.001,True,2.149601520301127,0.14670719972587465,0.13883097965278438,22.997239112854004,95648,752,784
Grad,30,0.6,0.001,True,2.149601520301127,0.14670786303848787,0.1388290318222219,1.3174099922180176,657,636,657
None,30,0.8,1e-05,True,1.6160690235263482,0.004079320933265464,0.004214155759704211,92.12815117835999,221430,1733,1815
Grad,30,0.8,1e-05,True,1.6160690235263482,0.004064762698845539,0.004195219108442578,4.555458068847656,2336,2229,2336
None,30,0.8,5e-05,True,11.398085789863035,0.016495525684181257,0.01742005035089391,1710.3896589279175,150182,1199,1231
Grad,30,0.8,5e-05,True,11.398085789863035,0.016381829541825023,0.017298581637147904,4.498692035675049,1929,1853,1929
None,30,0.8,0.0001,True,19.13871815632066,0.02866623745173752,0.031009198096122126,317.67338585853577,174094,1388,1427
Grad,30,0.8,0.0001,True,19.13871815632066,0.02866741800794968,0.031022373333697874,3.0551071166992188,1416,1371,1416
None,30,0.8,0.0005,True,7.218178728972924,0.07897173041709746,0.08020714467502293,23.100234031677246,95038,755,779
Grad,30,0.8,0.0005,True,7.218178728972924,0.07897213233064712,0.0802086241765571,1.5948898792266846,790,768,790
None,30,0.8,0.001,True,4.0805457236336276,0.13027981570624725,0.12284966398332645,19.15579104423523,79300,618,650
Grad,30,0.8,0.001,True,4.0805457236336276,0.13027897599136953,0.12284465203536343,1.4183948040008545,713,672,713
None,30,1.0,1e-05,True,7.373627501031753,0.0030488894805985045,0.003187936081067929,76.45837712287903,302438,2370,2479
Grad,30,1.0,1e-05,True,7.373627501031753,0.003035275025343217,0.0032276056136492756,5.338948965072632,2591,2464,2591
None,30,1.0,5e-05,True,6.933328230043318,0.013031315310155216,0.013997922050344246,61.04242396354675,236192,1877,1936
Grad,30,1.0,5e-05,True,6.933328230043318,0.013026083793188785,0.014010078162198236,5.700676918029785,2071,2008,2071
None,30,1.0,0.0001,True,3.4355085054381806,0.022755651735984643,0.023977041753282136,63.26510000228882,254004,2013,2082
Grad,30,1.0,0.0001,True,3.4355085054381806,0.022755410214123202,0.023977362956210002,4.151350975036621,2045,1982,2045
None,30,1.0,0.0005,True,10.399993557970094,0.07021124220310185,0.07374543241712386,21.88221526145935,83692,666,686
Grad,30,1.0,0.0005,True,10.399993557970094,0.07021133407006178,0.07374292247227904,1.8998441696166992,692,679,692
None,30,1.0,0.001,True,4.121485442017952,0.10123827446855069,0.0985405892085359,19.789347171783447,81496,660,668
Grad,30,1.0,0.001,True,4.121485442017952,0.10122924861926316,0.09941747814701157,1.3297011852264404,654,644,654
None,30,1.2,1e-05,True,3.962357938530186,0.0024271478571416824,0.002547010768526925,40.548847913742065,166774,1319,1367
Grad,30,1.2,1e-05,True,3.962357938530186,0.002430254603903956,0.002512601986128168,2.554157018661499,1266,1225,1266
None,30,1.2,5e-05,True,3.9268420320155606,0.010235692804229066,0.010735060124263259,65.76571297645569,271206,2159,2223
Grad,30,1.2,5e-05,True,3.9268420320155606,0.010225707497092716,0.010754588393373822,5.131071090698242,2544,2461,2544
None,30,1.2,0.0001,True,6.098037456197972,0.01845282996692812,0.020310177832961993,27.50981903076172,112972,904,926
Grad,30,1.2,0.0001,True,6.098037456197972,0.01845264195742326,0.020303673711462224,1.9119908809661865,947,923,947
None,30,1.2,0.0005,True,3.5214555710804185,0.06067364126285871,0.06471998814698846,20.584691286087036,84058,674,689
Grad,30,1.2,0.0005,True,3.5214555710804185,0.06067392742287213,0.06471209686052604,1.3252990245819092,657,638,657
None,30,1.2,0.001,True,5.280303233640768,0.0886110195629208,0.08745322700728511,18.4471218585968,75640,606,620
Grad,30,1.2,0.001,True,5.280303233640768,0.08861121545541976,0.0874643463916874,1.2198059558868408,603,594,603
None,30,2.0,1e-05,True,4.340026869602055,0.0013016424627105034,0.001361539555350422,59.840728759765625,245708,1935,2014
Grad,30,2.0,1e-05,True,4.340026869602055,0.0013002262867288646,0.0013635535609142254,8.453315019607544,4109,3948,4109
None,30,2.0,5e-05,True,7.4450513046532745,0.005660523470697057,0.006058381066493696,55.79755091667175,225944,1805,1852
Grad,30,2.0,5e-05,True,7.4450513046532745,0.00566182401016096,0.006054474467961607,3.4545979499816895,1679,1632,1679
None,30,2.0,0.0001,True,14.711937315456943,0.010506114141846731,0.011108047124010562,39.067001819610596,161406,1281,1323
Grad,30,2.0,0.0001,True,14.711937315456943,0.010491610821608821,0.011072016137691475,2.4423940181732178,1203,1179,1203
None,30,2.0,0.0005,True,6.604180809170986,0.04030882421293409,0.04346384186544337,26.58632493019104,109800,883,900
Grad,30,2.0,0.0005,True,6.604180809170986,0.04030898855273212,0.043462752332723696,1.7624282836914062,869,857,869
None,30,2.0,0.001,True,4.059094712544829,0.0643555964264261,0.0670178851919875,23.234572887420654,95160,773,780
Grad,30,2.0,0.001,True,4.059094712544829,0.06435578350568816,0.06700771986051551,1.5514121055603027,742,735,742
None,30,5.0,1e-05,True,12.895165262810563,0.00047447854942530746,0.000581681455395514,142.95894575119019,585844,4682,4802
Grad,30,5.0,1e-05,True,12.895165262810563,0.0004632991439165323,0.0005305113160156382,10.596312999725342,5242,5071,5242
None,30,5.0,5e-05,True,8.909056125391041,0.002066893793416698,0.0022686597827274828,224.469055891037,647332,5175,5306
Grad,30,5.0,5e-05,True,8.909056125391041,0.0020669096774146587,0.002271493787844755,9.978770017623901,4016,3894,4016
None,30,5.0,0.0001,True,11.179436247757721,0.004030818506380024,0.004440516738923247,71.78754210472107,228384,1841,1872
Grad,30,5.0,0.0001,True,11.179436247757721,0.003994916599805425,0.0043983723499583,3.782460927963257,1834,1805,1834
None,30,5.0,0.0005,True,15.841451905653827,0.01676055284134933,0.018485984116303526,28.942317008972168,118950,966,975
Grad,30,5.0,0.0005,True,15.841451905653827,0.016757947201423068,0.01848887673359026,2.1513938903808594,1077,1062,1077
None,30,5.0,0.001,True,47.7253883291204,0.0314728596200165,0.035495979844871905,25.526951789855957,105164,843,862
Grad,30,5.0,0.001,True,47.7253883291204,0.030842226700663895,0.03364631542646896,1.9733271598815918,987,969,987
